CO_ENTIDADE,NO_ENTIDADE,NO_MUNICIPIO,CO_MESORREGIAO,is_rural,is_loc_diferenciada,taxa_abandono_t1,predito,residuo,mesorregiao,grupo
26126052,ESCOLA DE REFERENCIA EM ENSINO FUNDAMENTAL CORONEL OTHON,Recife,2605,0,0,23.7,0.005267459404203687,23.694732540595794,Metropolitana,acima_do_esperado
26040468,ESCOLA OLHO DAGUA DO PADRE,Carnaubeira da Penha,2602,1,1,18.2,4.986564933801063,13.213435066198937,São Francisco,acima_do_esperado
26064006,ESCOLA PROFESSORA MARIA LUCIA ALVES,Santa Cruz do Capibaribe,2603,0,0,14.0,1.059899106076528,12.940100893923471,Agreste,acima_do_esperado
26186411,ESCOLA ESTADUAL INDIGENA JOSEFA ALICE DA CONCEICAO,Itacuruba,2602,1,1,13.2,3.6385128456192772,9.561487154380721,São Francisco,acima_do_esperado
26127636,ESCOLA DE REFERENCIA EM ENSINO FUNDAMENTAL E MEDIO EDUCADOR PAULO FREIRE,Recife,2605,0,0,9.9,0.3659071688632703,9.53409283113673,Metropolitana,acima_do_esperado
26147190,ESCOLA ESTADUAL ORORUBA,Pesqueira,2603,1,1,28.1,18.69611574952112,9.403884250478882,Agreste,acima_do_esperado
26041529,ESCOLA MENINO JESUS,Floresta,2602,1,1,12.7,3.358540938559859,9.34145906144014,São Francisco,acima_do_esperado
26091828,ESCOLA DE REFERENCIA EM ENSINO MEDIO PROFESSOR JOSE MENDES DA SILVA,Timbaúba,2604,0,0,9.4,0.5747829944829788,8.825217005517022,Mata,acima_do_esperado
26019370,ESCOLA DE REFERENCIA EM ENSINO FUNDAMENTAL E MEDIO SANTA CRUZ,Santa Cruz da Baixa Verde,2601,0,0,9.5,1.728868254939751,7.771131745060249,Sertão,acima_do_esperado
26113236,ESCOLA DE REFERENCIA EM ENSINO MEDIO AUREA DE MOURA CAVALCANTI,Olinda,2605,0,0,7.8,0.2093396794115003,7.5906603205884995,Metropolitana,acima_do_esperado
26050048,ESCOLA DE REFERENCIA EM ENSINO MEDIO BENTO AMERICO,Belo Jardim,2603,0,0,7.7,0.11846847664181831,7.581531523358182,Agreste,acima_do_esperado
26095530,ESCOLA DE REFERENCIA EM ENSINO MEDIO PROFESSORA EUDOXIA DE ALCANTARA FERREIRA,Vitória de Santo Antão,2604,0,0,7.4,0.030502258782253187,7.369497741217748,Mata,acima_do_esperado
26055040,ESCOLA SANTO AMARO,Caruaru,2603,0,0,8.5,1.13184646294857,7.36815353705143,Agreste,acima_do_esperado
26169975,ESCOLA JOSE ANTONIO FAGUNDES,Paudalho,2604,1,0,7.7,0.3369600492926253,7.363039950707375,Mata,acima_do_esperado
26029812,ESCOLA AMARO LAFAYETTE,Sertânia,2601,0,0,7.9,0.6347462051771094,7.265253794822891,Sertão,acima_do_esperado
26055473,ESCOLA PAULINA MONTEIRO,Caruaru,2603,0,0,8.6,2.117483616125502,6.482516383874497,Agreste,acima_do_esperado
26054850,ESCOLA DE REFERENCIA EM ENSINO MEDIO PROFESSOR MARIO SETTE,Caruaru,2603,0,0,6.7,0.2194625199550663,6.480537480044934,Agreste,acima_do_esperado
26111284,ESCOLA VILA JOAO DE DEUS,Jaboatão dos Guararapes,2605,0,0,6.9,0.6168621397687531,6.283137860231247,Metropolitana,acima_do_esperado
26001896,ESCOLA VITALINA MARIA DE JESUS,Araripina,2601,0,0,6.9,0.6390916321629304,6.26090836783707,Sertão,acima_do_esperado
26047365,ESCOLA FREI JOAO PEREIRA DE SOUZA,Itaíba,2603,1,0,6.2,0.01754306385026298,6.1824569361497375,Agreste,acima_do_esperado
26042096,ESCOLA ESTADUAL INDIGENA JOSE LUCIANO,Jatobá,2602,1,1,0.0,27.873588448208793,-27.873588448208793,São Francisco,abaixo_do_esperado
26186446,ESCOLA ESTADUAL INDIGENA QUITERIA MARIA DE JESUS,Jatobá,2602,1,1,1.8,24.798196533493318,-22.998196533493317,São Francisco,abaixo_do_esperado
26042711,ESCOLA DO ESPINHEIRO,Tacaratu,2602,1,1,0.0,19.84247964211264,-19.84247964211264,São Francisco,abaixo_do_esperado
26028506,ESCOLA ESTADUAL INDIGENA AIMBERE,Inajá,2601,1,1,1.6,19.25143695977079,-17.651436959770788,Sertão,abaixo_do_esperado
26419831,ESCOLA ESTADUAL JOSE FERREIRA DA SILVA,Floresta,2602,1,1,2.2,19.48579501716927,-17.28579501716927,São Francisco,abaixo_do_esperado
26043009,ESCOLA ESTADUAL INDIGENA SANTA CLARA,Tacaratu,2602,1,1,1.7,15.895282834312413,-14.195282834312414,São Francisco,abaixo_do_esperado
26027186,ESCOLA INDIGENA PEDRO FERREIRA DE QUEIROZ,Ibimirim,2601,1,1,1.5,11.889011389772941,-10.389011389772941,Sertão,abaixo_do_esperado
26040581,ESCOLA GOV ESTACIO COIMBRA,Carnaubeira da Penha,2602,1,1,2.4,12.008714405377612,-9.608714405377611,São Francisco,abaixo_do_esperado
26044447,ESCOLA ESTADUAL INDIGENA FULNI-O MARECHAL RONDON,Águas Belas,2603,1,1,0.0,9.43882137882919,-9.43882137882919,Agreste,abaixo_do_esperado
26058758,ESCOLA ESTADUAL INDIGENA SANTA RITA,Pesqueira,2603,1,1,3.0,11.90160954255024,-8.90160954255024,Agreste,abaixo_do_esperado
26059150,ESCOLA ESTADUAL INDIGENA INTERMEDIARIA MONSENHOR OLIMPIO TORRES,Pesqueira,2603,1,1,0.5,8.956581170340135,-8.456581170340135,Agreste,abaixo_do_esperado
26028409,ESCOLA MARIA GILDETE ARAUJO,Inajá,2601,1,1,12.8,19.12695513777782,-6.326955137777819,Sertão,abaixo_do_esperado
26040530,ESCOLA ESTADUAL INDIGENA TIA AMELIA CAXIADO,Carnaubeira da Penha,2602,1,1,0.0,5.857170646568852,-5.857170646568852,São Francisco,abaixo_do_esperado
26104245,ESCOLA DE REFERENCIA EM ENSINO MEDIO SAO FRANCISCO DE ASSIS,São José da Coroa Grande,2604,0,0,0.0,4.807571537950209,-4.807571537950209,Mata,abaixo_do_esperado
26044404,ESCOLA ESTADUAL INDIGENA BILINGUE ANTONIO JOSE MOREIRA,Águas Belas,2603,0,1,0.0,4.797345368896897,-4.797345368896897,Agreste,abaixo_do_esperado
26042479,ESCOLA PANKARARUS,Jatobá,2602,1,1,5.1,9.66290538682747,-4.56290538682747,São Francisco,abaixo_do_esperado
26040310,ESCOLA BOM JESUS DOS AFLITOS,Carnaubeira da Penha,2602,1,1,0.0,3.416998460868078,-3.416998460868078,São Francisco,abaixo_do_esperado
26037599,ESCOLA PROFESSORA JUDITH GOMES DE BARROS,Santa Maria da Boa Vista,2602,0,0,0.6,3.8373542040542072,-3.237354204054207,São Francisco,abaixo_do_esperado
26189526,ESCOLA ESTADUAL INDIGENA LUIZ PEREIRA LEAL,Itacuruba,2602,1,1,1.3,4.496526017101292,-3.1965260171012924,São Francisco,abaixo_do_esperado
26155435,ESCOLA JOAQUIM ROSENO DOS SANTOS,Floresta,2602,1,1,12.7,15.590190064566878,-2.8901900645668785,São Francisco,abaixo_do_esperado
